{
    "Container Ships": {
        "Algol Class": {},
        "American Lancer Class": {},
        "American New York Class": {},
        "Antwerpen Express Class": {},
        "Benalder Class": {},
        "Bonn Express Class": {},
        "Charleston Express Class": {},
        "CMA CGM Christophe Colomb Class": {},
        "Colombo Express Class": {},
        "Columbus Louisiana Class": {},
        "Dalian Express Class": {},
        "Dublin Express Class": {},
        "Eilbek Class": {},
        "Emma Maersk Class": {},
        "Evergreen D Class": {},
        "Evergreen L Class": {},
        "Evergreen S Class": {},
        "Fastbox Class": {},
        "Gudrun Maersk Class": {},
        "Hannover Express Class": {},
        "HMM Megamax Class": {},
        "Humboldt Express Class": {},
        "London Express Class": {},
        "Los Angeles Express Class": {},
        "Maersk C Class": {},
        "Maersk Edinburgh Class": {},
        "Maersk H Class": {},
        "Manchester Liners C Class": {},
        "Ming P Class": {},
        "Ming Sun Class": {},
        "MOL C Class": {},
        "Mondriaan Class": {},
        "Nedlloyd Dejima Class": {},
        "Norderoog Class": {},
        "NYK Bird Class": {},
        "OOCL G Class": {},
        "OOCL M Class": {},
        "OOCL S Class": {},
        "OOCL SX Class": {},
        "Prague Express Class": {},
        "President Truman Class": {},
        "Rio Class": {},
        "San Class": {},
        "Sea Land Champion Class": {},
        "Sea Witch Class": {},
        "Selandia Class": {},
        "Stena Searunner Class": {},
        "Stuttgart Express Class": {},
        "Toronto Express Class": {},
        "Trafexpress Class": {},
        "Triple E Class": {},
        "Valparaio Express Class": {},
        "Vienna Express Class": {}
    },
    "Tankers": {
        "Batillus Class": {},
        "ECO Class": {},
        "Hellespont Alhambra Class": {},
        "Methane Class": {},
        "Sant Fraterno Class": {},
        "Shell C Class": {},
        "Shell D Class": {},
        "Shell L Class": {},
        "Shell M Class": {}
    },
    "Bulk Carriers": {},
    "Multi-Purpose Vessels": {},
    "Reefer Ships": {},
    "Roll-On-Off Vessels": {}
}
